["```py\n$ sudo apt install mysql-server\n```", "```py\n$ apt-cache search MySQLdb\n```", "```py\n$ sudo apt-get install python3-mysqldb\n```", "```py\nstudent@ubuntu:~$ sudo mysql -u root -p \n```", "```py\nEnter password: Welcome to the MySQL monitor.  Commands end with ; or \\g. Your MySQL connection id is 10 Server version: 5.7.24-0ubuntu0.18.04.1 (Ubuntu)\nCopyright (c) 2000, 2018, Oracle and/or its affiliates. All rights reserved.\nOracle is a registered trademark of Oracle Corporation and/or its affiliates. Other names may be trademarks of their respective owners. Type 'help;' or '\\h' for help. Type '\\c' to clear the current input statement.\nmysql>\n```", "```py\nshow databases;\n```", "```py\nuse database_name;\n```", "```py\nshow tables;\n```", "```py\nstudent@ubuntu:~/work/mysql_testing$ sudo mysql -u root -p  Output: Enter password: Welcome to the MySQL monitor.  Commands end with ; or \\g. Your MySQL connection id is 16 Server version: 5.7.24-0ubuntu0.18.04.1 (Ubuntu)\nCopyright (c) 2000, 2018, Oracle and/or its affiliates. All rights reserved.\nOracle is a registered trademark of Oracle Corporation and/or its affiliates. Other names may be trademarks of their respective owners. Type 'help;' or '\\h' for help. Type '\\c' to clear the current input statement. mysql> mysql> show databases; +--------------------+ | Database           | +--------------------+ | information_schema | | mysql              | | performance_schema | | sys                | +--------------------+ 4 rows in set (0.10 sec)\nmysql> create database test; Query OK, 1 row affected (0.00 sec)\nmysql> show databases; +--------------------+ | Database           | +--------------------+ | information_schema | | mysql              | | performance_schema | | sys                | | test               | +--------------------+ 5 rows in set (0.00 sec)\nmysql> use test; Database changed mysql>\n```", "```py\nmysql> create user 'test_user'@'localhost' identified by 'test123'; Query OK, 0 rows affected (0.06 sec) mysql> grant all on test.* to 'test_user'@'localhost'; Query OK, 0 rows affected (0.02 sec)\nmysql>\n```", "```py\nimport MySQLdb as mdb import sys  con_obj = mdb.connect('localhost', 'test_user', 'test123', 'test') cur_obj = con_obj.cursor() cur_obj.execute(\"SELECT VERSION()\") version = cur_obj.fetchone() print (\"Database version: %s \" % version) con_obj.close()\n```", "```py\nstudent@ubuntu:~/work/mysql_testing$ python3 get_database_version.py Output: Database version: 5.7.24-0ubuntu0.18.04.1\n```", "```py\nimport MySQLdb as mdb con_obj = mdb.connect('localhost', 'test_user', 'test123', 'test') with con_obj:\n cur_obj = con_obj.cursor() cur_obj.execute(\"DROP TABLE IF EXISTS books\") cur_obj.execute(\"CREATE TABLE books(Id INT PRIMARY KEY AUTO_INCREMENT, Name VARCHAR(100))\") cur_obj.execute(\"INSERT INTO books(Name) VALUES('Harry Potter')\") cur_obj.execute(\"INSERT INTO books(Name) VALUES('Lord of the rings')\") cur_obj.execute(\"INSERT INTO books(Name) VALUES('Murder on the Orient Express')\") cur_obj.execute(\"INSERT INTO books(Name) VALUES('The adventures of Sherlock Holmes')\") cur_obj.execute(\"INSERT INTO books(Name) VALUES('Death on the Nile')\") print(\"Table Created !!\") print(\"Data inserted Successfully !!\")\n```", "```py\nstudent@ubuntu:~/work/mysql_testing$ python3 create_insert_data.py Output: Table Created !! Data inserted Successfully !!\n```", "```py\nstudent@ubuntu:~/work/mysql_testing$ sudo mysql -u root -p Enter password: Welcome to the MySQL monitor.  Commands end with ; or \\g. Your MySQL connection id is 6 Server version: 5.7.24-0ubuntu0.18.04.1 (Ubuntu)\nCopyright (c) 2000, 2018, Oracle and/or its affiliates. All rights reserved.\nOracle is a registered trademark of Oracle Corporation and/or its affiliates. Other names may be trademarks of their respective owners.\nType 'help;' or '\\h' for help. Type '\\c' to clear the current input statement. mysql> mysql> mysql> use test; Reading table information for completion of table and column names You can turn off this feature to get a quicker startup with -A Database changed mysql> show tables; +----------------+ | Tables_in_test | +----------------+ | books          | +----------------+ 1 row in set (0.00 sec)\n```", "```py\nimport MySQLdb as mdb con_obj = mdb.connect('localhost', 'test_user', 'test123', 'test') with con_obj:\n cur_obj = con_obj.cursor() cur_obj.execute(\"SELECT * FROM books\") records = cur_obj.fetchall() for r in records: print(r)\n```", "```py\nstudent@ubuntu:~/work/mysql_testing$ python3 retrieve_data.py Output: (1, 'Harry Potter') (2, 'Lord of the rings') (3, 'Murder on the Orient Express') (4, 'The adventures of Sherlock Holmes') (5, 'Death on the Nile')\n```", "```py\nimport MySQLdb as mdb con_obj = mdb.connect('localhost', 'test_user', 'test123', 'test') cur_obj = con_obj.cursor() cur_obj.execute(\"UPDATE books SET Name = 'Fantastic Beasts' WHERE Id = 1\")try:\n con_obj.commit() except:\n con_obj.rollback()\n```", "```py\nstudent@ubuntu:~/work/mysql_testing$ python3 update_data.py\n```", "```py\nstudent@ubuntu:~/work/mysql_testing$ python3 retrieve_data.py Output: (1, 'Fantastic Beasts') (2, 'Lord of the rings') (3, 'Murder on the Orient Express') (4, 'The adventures of Sherlock Holmes') (5, 'Death on the Nile')\n```", "```py\nimport MySQLdb as mdb con_obj = mdb.connect('localhost', 'test_user', 'test123', 'test') cur_obj = con_obj.cursor() cur_obj.execute(\"DELETE FROM books WHERE Id = 5\"); try:\n con_obj.commit() except:\n con_obj.rollback() \n```", "```py\nstudent@ubuntu:~/work/mysql_testing$ python3 delete_data.py\n```", "```py\nstudent@ubuntu:~/work/mysql_testing$ python3 retrieve_data.py Output: (1, 'Fantastic Beasts') (2, 'Lord of the rings') (3, 'Murder on the Orient Express') (4, 'The adventures of Sherlock Holmes')\n```", "```py\n$ sudo apt install sqlite3\n```", "```py\n$ sqlite3 test.db\n```", "```py\nstudent@ubuntu:~$ sqlite3 test.db SQLite version 3.22.0 2018-01-22 18:45:57 Enter \".help\" for usage hints. sqlite>\n```", "```py\nimport sqlite3 con_obj = sqlite3.connect('test.db') print (\"Database connected successfully !!\")\n```", "```py\nstudent@ubuntu:~/work $ python3 connect_database.py Output: Database connected successfully !!\n```", "```py\nimport sqlite3 con_obj = sqlite3.connect(\"test.db\") with con_obj:\n cur_obj = con_obj.cursor() cur_obj.execute(\"\"\"CREATE TABLE books(title text, author text)\"\"\")  print (\"Table created\")\n```", "```py\nstudent@ubuntu:~/work $ python3 create_table.py Output: Table created\n```", "```py\nimport sqlite3 con_obj = sqlite3.connect(\"test.db\") with con_obj:\n cur_obj = con_obj.cursor() cur_obj.execute(\"INSERT INTO books VALUES ('Pride and Prejudice', 'Jane Austen')\") cur_obj.execute(\"INSERT INTO books VALUES ('Harry Potter', 'J.K Rowling')\") cur_obj.execute(\"INSERT INTO books VALUES ('The Lord of the Rings', 'J. R. R. Tolkien')\") cur_obj.execute(\"INSERT INTO books VALUES ('Murder on the Orient Express', 'Agatha Christie')\") cur_obj.execute(\"INSERT INTO books VALUES ('A Study in Scarlet', 'Arthur Conan Doyle')\") con_obj.commit() print(\"Data inserted Successfully !!\")\n```", "```py\nstudent@ubuntu:~/work$ python3 insert_data.py Output: Data inserted Successfully !!\n```", "```py\nimport sqlite3 con_obj = sqlite3.connect('test.db') cur_obj = con_obj.execute(\"SELECT title, author from books\")\nfor row in cur_obj:\n print (\"Title = \", row[0]) print (\"Author = \", row[1], \"\\n\") con_obj.close()\n```", "```py\nstudent@ubuntu:~/work$ python3 retrieve_data.py Output: Title =  Pride and Prejudice Author =  Jane Austen\nTitle =  Harry Potter Author =  J.K Rowling\nTitle =  The Lord of the Rings Author =  J. R. R. Tolkien\nTitle =  Murder on the Orient Express Author =  Agatha Christie\nTitle =  A Study in Scarlet Author =  Arthur Conan Doyle\n```", "```py\nstudent@ubuntu:~/work/sqlite3_testing$ sqlite3 test.db Output: SQLite version 3.22.0 2018-01-22 18:45:57 Enter \".help\" for usage hints. sqlite> sqlite> select * from books; Pride and Prejudice|Jane Austen Harry Potter|J.K Rowling The Lord of the Rings|J. R. R. Tolkien Murder on the Orient Express|Agatha Christie A Study in Scarlet|Arthur Conan Doyle sqlite>\n```", "```py\nimport sqlite3 con_obj = sqlite3.connect(\"test.db\") with con_obj:\n            cur_obj = con_obj.cursor()\n sql = \"\"\" UPDATE books SET author = 'John Smith' WHERE author = 'J.K Rowling' \"\"\" cur_obj.execute(sql) print(\"Data updated Successfully !!\")\n```", "```py\nstudent@ubuntu:~/work $ python3 update_data.py Output: Data updated Successfully !!\n```", "```py\nBy running retrieve_data.py: Output: student@ubuntu:~/work$ python3 retrieve_data.py Title =  Pride and Prejudice Author =  Jane Austen\nTitle =  Harry Potter Author =  John Smith\nTitle =  The Lord of the Rings Author =  J. R. R. Tolkien\nTitle =  Murder on the Orient Express Author =  Agatha Christie\nTitle =  A Study in Scarlet Author =  Arthur Conan Doyle\nChecking on SQLite console: Output: student@ubuntu:~/work$ sqlite3 test.db SQLite version 3.22.0 2018-01-22 18:45:57 Enter \".help\" for usage hints. sqlite> sqlite> select * from books; Pride and Prejudice|Jane Austen Harry Potter|John Smith The Lord of the Rings|J. R. R. Tolkien Murder on the Orient Express|Agatha Christie A Study in Scarlet|Arthur Conan Doyle sqlite>\n```", "```py\nimport sqlite3 con_obj = sqlite3.connect(\"test.db\") with con_obj:\n cur_obj = con_obj.cursor()            sql = \"\"\"\n DELETE FROM books WHERE author = 'John Smith' \"\"\" cur_obj.execute(sql) print(\"Data deleted successfully !!\")\n```", "```py\nstudent@ubuntu:~/work $ python3 delete_data.py Output: Data deleted successfully !!\n```", "```py\nBy running retrieve_data.py Output: student@ubuntu:~/work$ python3 retrieve_data.py Title =  Pride and Prejudice Author =  Jane Austen\nTitle =  The Lord of the Rings Author =  J. R. R. Tolkien\nTitle =  Murder on the Orient Express Author =  Agatha Christie\nTitle =  A Study in Scarlet Author =  Arthur Conan Doyle\n```", "```py\nChecking on SQLite console: Output: student@ubuntu:~/work$ sqlite3 test.db SQLite version 3.22.0 2018-01-22 18:45:57 Enter \".help\" for usage hints. sqlite> sqlite> select * from books; Pride and Prejudice|Jane Austen The Lord of the Rings|J. R. R. Tolkien Murder on the Orient Express|Agatha Christie A Study in Scarlet|Arthur Conan Doyle sqlite>\n```"]